GHO (CODE),GHO (DISPLAY),GHO (URL),PUBLISHSTATE (CODE),PUBLISHSTATE (DISPLAY),PUBLISHSTATE (URL),YEAR (CODE),YEAR (DISPLAY),YEAR (URL),REGION (CODE),REGION (DISPLAY),REGION (URL),COUNTRY (CODE),COUNTRY (DISPLAY),COUNTRY (URL),Display Value,Numeric,Low,High,Comments
MDG_0000000013,Children aged <5 years sleeping under insecticide-treated nets (%),http://apps.who.int/gho/indicatorregistry/App_Main/view_indicator.aspx?iid=13,PUBLISHED,Published,,2008,2008,,AFR,Africa,,ZMB,Zambia,,41,41,,,
MDG_0000000014,Children aged <5 years with fever who received treatment with any antimalarial (%),http://apps.who.int/gho/indicatorregistry/App_Main/view_indicator.aspx?iid=14,PUBLISHED,Published,,2007-2013,2007-2013,,EMR,Eastern Mediterranean,,DJI,Djibouti,,1,1,,,
MDG_0000000013,Children aged <5 years sleeping under insecticide-treated nets (%),http://apps.who.int/gho/indicatorregistry/App_Main/view_indicator.aspx?iid=13,PUBLISHED,Published,,2000,2000,,AFR,Africa,,RWA,Rwanda,,5,5,,,
MDG_0000000013,Children aged <5 years sleeping under insecticide-treated nets (%),http://apps.who.int/gho/indicatorregistry/App_Main/view_indicator.aspx?iid=13,PUBLISHED,Published,,2000,2000,,AFR,Africa,,COM,Comoros,,9,9,,,
MDG_0000000013,Children aged <5 years sleeping under insecticide-treated nets (%),http://apps.who.int/gho/indicatorregistry/App_Main/view_indicator.aspx?iid=13,PUBLISHED,Published,,2000,2000,,AFR,Africa,,GMB,Gambia,,15,15,,,
MDG_0000000013,Children aged <5 years sleeping under insecticide-treated nets (%),http://apps.who.int/gho/indicatorregistry/App_Main/view_indicator.aspx?iid=13,PUBLISHED,Published,,2009-2010,2009-2010,,SEAR,South-East Asia,,TLS,Timor-Leste,,41.0 [38.7-43.4],41.04886,38.70731,43.39042,
MDG_0000000013,Children aged <5 years sleeping under insecticide-treated nets (%),http://apps.who.int/gho/indicatorregistry/App_Main/view_indicator.aspx?iid=13,PUBLISHED,Published,,2014,2014,,AFR,Africa,,STP,Sao Tome and Principe,,61.1,61.1,,,
MDG_0000000014,Children aged <5 years with fever who received treatment with any antimalarial (%),http://apps.who.int/gho/indicatorregistry/App_Main/view_indicator.aspx?iid=14,PUBLISHED,Published,,2007-2013,2007-2013,,AFR,Africa,,CIV,Côte d'Ivoire,,18,18,,,
MDG_0000000013,Children aged <5 years sleeping under insecticide-treated nets (%),http://apps.who.int/gho/indicatorregistry/App_Main/view_indicator.aspx?iid=13,PUBLISHED,Published,,2010,2010,,AFR,Africa,,GMB,Gambia,,33.3,33.3,,,
MDG_0000000013,Children aged <5 years sleeping under insecticide-treated nets (%),http://apps.who.int/gho/indicatorregistry/App_Main/view_indicator.aspx?iid=13,PUBLISHED,Published,,2000,2000,,AFR,Africa,,TGO,Togo,,2,2,,,
MDG_0000000013,Children aged <5 years sleeping under insecticide-treated nets (%),http://apps.who.int/gho/indicatorregistry/App_Main/view_indicator.aspx?iid=13,PUBLISHED,Published,,2011,2011,,AFR,Africa,,AGO,Angola,,25.9 [23.5-28.3],25.91992,23.50305,28.33678,
MDG_0000000013,Children aged <5 years sleeping under insecticide-treated nets (%),http://apps.who.int/gho/indicatorregistry/App_Main/view_indicator.aspx?iid=13,PUBLISHED,Published,,2007-2013,2007-2013,,AFR,Africa,,SEN,Senegal,,46,46,,,
MDG_0000000014,Children aged <5 years with fever who received treatment with any antimalarial (%),http://apps.who.int/gho/indicatorregistry/App_Main/view_indicator.aspx?iid=14,PUBLISHED,Published,,2007-2013,2007-2013,,AFR,Africa,,GMB,Gambia,,30,30,,,
MDG_0000000013,Children aged <5 years sleeping under insecticide-treated nets (%),http://apps.who.int/gho/indicatorregistry/App_Main/view_indicator.aspx?iid=13,PUBLISHED,Published,,2015,2015,,AFR,Africa,,NER,Niger,,95.5,95.5,,,
MDG_0000000013,Children aged <5 years sleeping under insecticide-treated nets (%),http://apps.who.int/gho/indicatorregistry/App_Main/view_indicator.aspx?iid=13,PUBLISHED,Published,,2007-2013,2007-2013,,AFR,Africa,,TCD,Chad,,10,10,,,
MDG_0000000013,Children aged <5 years sleeping under insecticide-treated nets (%),http://apps.who.int/gho/indicatorregistry/App_Main/view_indicator.aspx?iid=13,PUBLISHED,Published,,2006,2006,,EMR,Eastern Mediterranean,,SOM,Somalia,,11,11,,,
MDG_0000000014,Children aged <5 years with fever who received treatment with any antimalarial (%),http://apps.who.int/gho/indicatorregistry/App_Main/view_indicator.aspx?iid=14,PUBLISHED,Published,,2007-2013,2007-2013,,AFR,Africa,,TZA,United Republic of Tanzania,,54,54,,,
MDG_0000000014,Children aged <5 years with fever who received treatment with any antimalarial (%),http://apps.who.int/gho/indicatorregistry/App_Main/view_indicator.aspx?iid=14,PUBLISHED,Published,,2007-2013,2007-2013,,AFR,Africa,,STP,Sao Tome and Principe,,8,8,,,
MDG_0000000013,Children aged <5 years sleeping under insecticide-treated nets (%),http://apps.who.int/gho/indicatorregistry/App_Main/view_indicator.aspx?iid=13,PUBLISHED,Published,,2003,2003,,AFR,Africa,,KEN,Kenya,,6.0 [5.0-7.0],6.00465,4.97665,7.03265,
MDG_0000000013,Children aged <5 years sleeping under insecticide-treated nets (%),http://apps.who.int/gho/indicatorregistry/App_Main/view_indicator.aspx?iid=13,PUBLISHED,Published,,2013-2014,2013-2014,,AFR,Africa,,ZMB,Zambia,,40.6 [38.7-42.4],40.55973,38.68761,42.43185,
MDG_0000000013,Children aged <5 years sleeping under insecticide-treated nets (%),http://apps.who.int/gho/indicatorregistry/App_Main/view_indicator.aspx?iid=13,PUBLISHED,Published,,2007-2013,2007-2013,,AFR,Africa,,GMB,Gambia,,33,33,,,
MDG_0000000013,Children aged <5 years sleeping under insecticide-treated nets (%),http://apps.who.int/gho/indicatorregistry/App_Main/view_indicator.aspx?iid=13,PUBLISHED,Published,,2006,2006,,AFR,Africa,,CIV,Côte d'Ivoire,,3,3,,,
MDG_0000000013,Children aged <5 years sleeping under insecticide-treated nets (%),http://apps.who.int/gho/indicatorregistry/App_Main/view_indicator.aspx?iid=13,PUBLISHED,Published,,2006,2006,,AFR,Africa,,MLI,Mali,,27.1 [24.8-29.4],27.08133,24.78961,29.37305,
MDG_0000000013,Children aged <5 years sleeping under insecticide-treated nets (%),http://apps.who.int/gho/indicatorregistry/App_Main/view_indicator.aspx?iid=13,PUBLISHED,Published,,2000,2000,,WPR,Western Pacific,,VNM,Viet Nam,,16,16,,,
MDG_0000000013,Children aged <5 years sleeping under insecticide-treated nets (%),http://apps.who.int/gho/indicatorregistry/App_Main/view_indicator.aspx?iid=13,PUBLISHED,Published,,2007-2013,2007-2013,,AFR,Africa,,GIN,Guinea,,26,26,,,
MDG_0000000013,Children aged <5 years sleeping under insecticide-treated nets (%),http://apps.who.int/gho/indicatorregistry/App_Main/view_indicator.aspx?iid=13,PUBLISHED,Published,,2000,2000,,AFR,Africa,,CAF,Central African Republic,,2,2,,,
MDG_0000000014,Children aged <5 years with fever who received treatment with any antimalarial (%),http://apps.who.int/gho/indicatorregistry/App_Main/view_indicator.aspx?iid=14,PUBLISHED,Published,,2007-2013,2007-2013,,AFR,Africa,,SSD,South Sudan,,51,51,,,
MDG_0000000013,Children aged <5 years sleeping under insecticide-treated nets (%),http://apps.who.int/gho/indicatorregistry/App_Main/view_indicator.aspx?iid=13,PUBLISHED,Published,,2012-2013,2012-2013,,AFR,Africa,,MLI,Mali,,69.0 [67.2-70.7],68.97138,67.19315,70.74962,
MDG_0000000013,Children aged <5 years sleeping under insecticide-treated nets (%),http://apps.who.int/gho/indicatorregistry/App_Main/view_indicator.aspx?iid=13,PUBLISHED,Published,,2005,2005,,AFR,Africa,,COG,Congo,,6.0 [4.3-7.7],6.00883,4.27852,7.73915,
MDG_0000000013,Children aged <5 years sleeping under insecticide-treated nets (%),http://apps.who.int/gho/indicatorregistry/App_Main/view_indicator.aspx?iid=13,PUBLISHED,Published,,2005,2005,,AFR,Africa,,GIN,Guinea,,1.4 [0.9-1.9],1.41584,0.94788,1.88381,
MDG_0000000013,Children aged <5 years sleeping under insecticide-treated nets (%),http://apps.who.int/gho/indicatorregistry/App_Main/view_indicator.aspx?iid=13,PUBLISHED,Published,,2007-2013,2007-2013,,AFR,Africa,,UGA,Uganda,,43,43,,,
MDG_0000000014,Children aged <5 years with fever who received treatment with any antimalarial (%),http://apps.who.int/gho/indicatorregistry/App_Main/view_indicator.aspx?iid=14,PUBLISHED,Published,,2007-2013,2007-2013,,AFR,Africa,,AGO,Angola,,28,28,,,
MDG_0000000013,Children aged <5 years sleeping under insecticide-treated nets (%),http://apps.who.int/gho/indicatorregistry/App_Main/view_indicator.aspx?iid=13,PUBLISHED,Published,,2013,2013,,AFR,Africa,,NAM,Namibia,,5.6 [4.5-6.6],5.5514,4.4792,6.6236,
MDG_0000000013,Children aged <5 years sleeping under insecticide-treated nets (%),http://apps.who.int/gho/indicatorregistry/App_Main/view_indicator.aspx?iid=13,PUBLISHED,Published,,2007-2008,2007-2008,,AFR,Africa,,RWA,Rwanda,,56.5 [54.2-58.8],56.523,54.24381,58.80219,
MDG_0000000013,Children aged <5 years sleeping under insecticide-treated nets (%),http://apps.who.int/gho/indicatorregistry/App_Main/view_indicator.aspx?iid=13,PUBLISHED,Published,,2014,2014,,AFR,Africa,,KEN,Kenya,,54.3 [52.6-56.0],54.26986,52.58205,55.95767,
MDG_0000000014,Children aged <5 years with fever who received treatment with any antimalarial (%),http://apps.who.int/gho/indicatorregistry/App_Main/view_indicator.aspx?iid=14,PUBLISHED,Published,,2007-2013,2007-2013,,AMR,Americas,,HND,Honduras,,0,0,,,
MDG_0000000013,Children aged <5 years sleeping under insecticide-treated nets (%),http://apps.who.int/gho/indicatorregistry/App_Main/view_indicator.aspx?iid=13,PUBLISHED,Published,,2007-2013,2007-2013,,SEAR,South-East Asia,,LKA,Sri Lanka,,3,3,,,
MDG_0000000013,Children aged <5 years sleeping under insecticide-treated nets (%),http://apps.who.int/gho/indicatorregistry/App_Main/view_indicator.aspx?iid=13,PUBLISHED,Published,,2007-2013,2007-2013,,AFR,Africa,,BDI,Burundi,,54,54,,,
MDG_0000000013,Children aged <5 years sleeping under insecticide-treated nets (%),http://apps.who.int/gho/indicatorregistry/App_Main/view_indicator.aspx?iid=13,PUBLISHED,Published,,2009,2009,,AFR,Africa,,LBR,Liberia,,26.4 [22.7-30.2],26.41944,22.66659,30.17229,
MDG_0000000013,Children aged <5 years sleeping under insecticide-treated nets (%),http://apps.who.int/gho/indicatorregistry/App_Main/view_indicator.aspx?iid=13,PUBLISHED,Published,,2010-2011,2010-2011,,AFR,Africa,,ZWE,Zimbabwe,,9.7 [8.1-11.3],9.70415,8.14217,11.26613,
MDG_0000000013,Children aged <5 years sleeping under insecticide-treated nets (%),http://apps.who.int/gho/indicatorregistry/App_Main/view_indicator.aspx?iid=13,PUBLISHED,Published,,2007-2013,2007-2013,,AFR,Africa,,NER,Niger,,20,20,,,
MDG_0000000013,Children aged <5 years sleeping under insecticide-treated nets (%),http://apps.who.int/gho/indicatorregistry/App_Main/view_indicator.aspx?iid=13,PUBLISHED,Published,,2007-2013,2007-2013,,AFR,Africa,,GAB,Gabon,,39,39,,,
MDG_0000000013,Children aged <5 years sleeping under insecticide-treated nets (%),http://apps.who.int/gho/indicatorregistry/App_Main/view_indicator.aspx?iid=13,PUBLISHED,Published,,2015-2016,2015-2016,,AFR,Africa,,MWI,Malawi,,42.7 [41.2-44.3],42.74123,41.17671,44.30575,
MDG_0000000013,Children aged <5 years sleeping under insecticide-treated nets (%),http://apps.who.int/gho/indicatorregistry/App_Main/view_indicator.aspx?iid=13,PUBLISHED,Published,,2007-2013,2007-2013,,AFR,Africa,,GHA,Ghana,,39,39,,,
MDG_0000000013,Children aged <5 years sleeping under insecticide-treated nets (%),http://apps.who.int/gho/indicatorregistry/App_Main/view_indicator.aspx?iid=13,PUBLISHED,Published,,2015,2015,,AFR,Africa,,NGA,Nigeria,,43.6 [40.2-47.0],43.60262,40.23266,46.97257,
MDG_0000000013,Children aged <5 years sleeping under insecticide-treated nets (%),http://apps.who.int/gho/indicatorregistry/App_Main/view_indicator.aspx?iid=13,PUBLISHED,Published,,2007-2013,2007-2013,,AFR,Africa,,MWI,Malawi,,56,56,,,
MDG_0000000013,Children aged <5 years sleeping under insecticide-treated nets (%),http://apps.who.int/gho/indicatorregistry/App_Main/view_indicator.aspx?iid=13,PUBLISHED,Published,,2014,2014,,AFR,Africa,,MWI,Malawi,,67.1 [62.1-72.1],67.09282,62.11263,72.07302,
MDG_0000000013,Children aged <5 years sleeping under insecticide-treated nets (%),http://apps.who.int/gho/indicatorregistry/App_Main/view_indicator.aspx?iid=13,PUBLISHED,Published,,2014,2014,,AFR,Africa,,BEN,Benin,,72.7,72.7,,,
MDG_0000000013,Children aged <5 years sleeping under insecticide-treated nets (%),http://apps.who.int/gho/indicatorregistry/App_Main/view_indicator.aspx?iid=13,PUBLISHED,Published,,2006,2006,,AFR,Africa,,CMR,Cameroon,,13,13,,,
MDG_0000000013,Children aged <5 years sleeping under insecticide-treated nets (%),http://apps.who.int/gho/indicatorregistry/App_Main/view_indicator.aspx?iid=13,PUBLISHED,Published,,2010,2010,,AFR,Africa,,NGA,Nigeria,,28.9 [24.6-33.2],28.91321,24.64049,33.18594,
MDG_0000000013,Children aged <5 years sleeping under insecticide-treated nets (%),http://apps.who.int/gho/indicatorregistry/App_Main/view_indicator.aspx?iid=13,PUBLISHED,Published,,2007-2013,2007-2013,,AFR,Africa,,ZMB,Zambia,,57,57,,,
MDG_0000000013,Children aged <5 years sleeping under insecticide-treated nets (%),http://apps.who.int/gho/indicatorregistry/App_Main/view_indicator.aspx?iid=13,PUBLISHED,Published,,2014,2014,,AFR,Africa,,BFA,Burkina Faso,,75.3 [73.2-77.3],75.29225,73.2487,77.3358,
MDG_0000000013,Children aged <5 years sleeping under insecticide-treated nets (%),http://apps.who.int/gho/indicatorregistry/App_Main/view_indicator.aspx?iid=13,PUBLISHED,Published,,2008-2009,2008-2009,,AFR,Africa,,SEN,Senegal,,29.1 [26.4-31.9],29.14137,26.39697,31.88577,
MDG_0000000014,Children aged <5 years with fever who received treatment with any antimalarial (%),http://apps.who.int/gho/indicatorregistry/App_Main/view_indicator.aspx?iid=14,PUBLISHED,Published,,2007-2013,2007-2013,,AFR,Africa,,SWZ,Swaziland,,2,2,,,
MDG_0000000014,Children aged <5 years with fever who received treatment with any antimalarial (%),http://apps.who.int/gho/indicatorregistry/App_Main/view_indicator.aspx?iid=14,PUBLISHED,Published,,2007-2013,2007-2013,,AFR,Africa,,KEN,Kenya,,23,23,,,
MDG_0000000013,Children aged <5 years sleeping under insecticide-treated nets (%),http://apps.who.int/gho/indicatorregistry/App_Main/view_indicator.aspx?iid=13,PUBLISHED,Published,,2011,2011,,AFR,Africa,,GHA,Ghana,,39,39,,,
MDG_0000000013,Children aged <5 years sleeping under insecticide-treated nets (%),http://apps.who.int/gho/indicatorregistry/App_Main/view_indicator.aspx?iid=13,PUBLISHED,Published,,2006-2007,2006-2007,,AFR,Africa,,SWZ,Swaziland,,0.6 [0.3-0.8],0.55126,0.2557,0.84682,
MDG_0000000013,Children aged <5 years sleeping under insecticide-treated nets (%),http://apps.who.int/gho/indicatorregistry/App_Main/view_indicator.aspx?iid=13,PUBLISHED,Published,,2006,2006,,AFR,Africa,,SEN,Senegal,,16.3 [13.1-19.6],16.33111,13.10322,19.559,
MDG_0000000013,Children aged <5 years sleeping under insecticide-treated nets (%),http://apps.who.int/gho/indicatorregistry/App_Main/view_indicator.aspx?iid=13,PUBLISHED,Published,,2004,2004,,AFR,Africa,,CMR,Cameroon,,1.1 [0.8-1.4],1.10247,0.76205,1.44288,
MDG_0000000014,Children aged <5 years with fever who received treatment with any antimalarial (%),http://apps.who.int/gho/indicatorregistry/App_Main/view_indicator.aspx?iid=14,PUBLISHED,Published,,2007-2013,2007-2013,,EUR,Europe,,TJK,Tajikistan,,2,2,,,
MDG_0000000013,Children aged <5 years sleeping under insecticide-treated nets (%),http://apps.who.int/gho/indicatorregistry/App_Main/view_indicator.aspx?iid=13,PUBLISHED,Published,,2011,2011,,AFR,Africa,,LBR,Liberia,,37.1 [33.8-40.3],37.05447,33.75992,40.34903,
MDG_0000000013,Children aged <5 years sleeping under insecticide-treated nets (%),http://apps.who.int/gho/indicatorregistry/App_Main/view_indicator.aspx?iid=13,PUBLISHED,Published,,2007-2013,2007-2013,,AFR,Africa,,ERI,Eritrea,,20,20,,,
MDG_0000000013,Children aged <5 years sleeping under insecticide-treated nets (%),http://apps.who.int/gho/indicatorregistry/App_Main/view_indicator.aspx?iid=13,PUBLISHED,Published,,2007-2008,2007-2008,,AFR,Africa,,TZA,United Republic of Tanzania,,25.6 [23.1-28.1],25.62477,23.12706,28.12248,
MDG_0000000014,Children aged <5 years with fever who received treatment with any antimalarial (%),http://apps.who.int/gho/indicatorregistry/App_Main/view_indicator.aspx?iid=14,PUBLISHED,Published,,2007-2013,2007-2013,,AFR,Africa,,TGO,Togo,,34,34,,,
MDG_0000000013,Children aged <5 years sleeping under insecticide-treated nets (%),http://apps.who.int/gho/indicatorregistry/App_Main/view_indicator.aspx?iid=13,PUBLISHED,Published,,2008,2008,,AFR,Africa,,GHA,Ghana,,38.7 [36.6-40.9],38.73226,36.5925,40.87202,
MDG_0000000013,Children aged <5 years sleeping under insecticide-treated nets (%),http://apps.who.int/gho/indicatorregistry/App_Main/view_indicator.aspx?iid=13,PUBLISHED,Published,,2005,2005,,AMR,Americas,,GUY,Guyana,,6.7 [2.4-10.9],6.66203,2.44794,10.87612,
MDG_0000000013,Children aged <5 years sleeping under insecticide-treated nets (%),http://apps.who.int/gho/indicatorregistry/App_Main/view_indicator.aspx?iid=13,PUBLISHED,Published,,2011,2011,,AFR,Africa,,UGA,Uganda,,42.8 [40.4-45.1],42.76043,40.37131,45.14956,
MDG_0000000014,Children aged <5 years with fever who received treatment with any antimalarial (%),http://apps.who.int/gho/indicatorregistry/App_Main/view_indicator.aspx?iid=14,PUBLISHED,Published,,2007-2013,2007-2013,,AFR,Africa,,BEN,Benin,,38,38,,,
MDG_0000000013,Children aged <5 years sleeping under insecticide-treated nets (%),http://apps.who.int/gho/indicatorregistry/App_Main/view_indicator.aspx?iid=13,PUBLISHED,Published,,2014,2014,,AFR,Africa,,ZWE,Zimbabwe,,26.8,26.8,,,
MDG_0000000013,Children aged <5 years sleeping under insecticide-treated nets (%),http://apps.who.int/gho/indicatorregistry/App_Main/view_indicator.aspx?iid=13,PUBLISHED,Published,,2000,2000,,AFR,Africa,,GNQ,Equatorial Guinea,,1,1,,,
MDG_0000000014,Children aged <5 years with fever who received treatment with any antimalarial (%),http://apps.who.int/gho/indicatorregistry/App_Main/view_indicator.aspx?iid=14,PUBLISHED,Published,,2007-2013,2007-2013,,AFR,Africa,,BDI,Burundi,,25,25,,,
MDG_0000000013,Children aged <5 years sleeping under insecticide-treated nets (%),http://apps.who.int/gho/indicatorregistry/App_Main/view_indicator.aspx?iid=13,PUBLISHED,Published,,2000,2000,,AFR,Africa,,SWZ,Swaziland,,0,0,,,
MDG_0000000013,Children aged <5 years sleeping under insecticide-treated nets (%),http://apps.who.int/gho/indicatorregistry/App_Main/view_indicator.aspx?iid=13,PUBLISHED,Published,,2009-2010,2009-2010,,SEAR,South-East Asia,,MMR,Myanmar,,11.1,11.1,,,
MDG_0000000013,Children aged <5 years sleeping under insecticide-treated nets (%),http://apps.who.int/gho/indicatorregistry/App_Main/view_indicator.aspx?iid=13,PUBLISHED,Published,,2009,2009,,AFR,Africa,,UGA,Uganda,,32.8 [28.4-37.1],32.76936,28.41351,37.12521,
MDG_0000000013,Children aged <5 years sleeping under insecticide-treated nets (%),http://apps.who.int/gho/indicatorregistry/App_Main/view_indicator.aspx?iid=13,PUBLISHED,Published,,2007-2013,2007-2013,,AFR,Africa,,SWZ,Swaziland,,2,2,,,
MDG_0000000013,Children aged <5 years sleeping under insecticide-treated nets (%),http://apps.who.int/gho/indicatorregistry/App_Main/view_indicator.aspx?iid=13,PUBLISHED,Published,,2007-2013,2007-2013,,AFR,Africa,,CAF,Central African Republic,,36,36,,,
MDG_0000000013,Children aged <5 years sleeping under insecticide-treated nets (%),http://apps.who.int/gho/indicatorregistry/App_Main/view_indicator.aspx?iid=13,PUBLISHED,Published,,2007,2007,,AFR,Africa,,COD,Democratic Republic of the Congo,,5.8 [4.5-7.1],5.79814,4.46837,7.1279,
MDG_0000000013,Children aged <5 years sleeping under insecticide-treated nets (%),http://apps.who.int/gho/indicatorregistry/App_Main/view_indicator.aspx?iid=13,PUBLISHED,Published,,2010,2010,,AFR,Africa,,SLE,Sierra Leone,,30.3,30.3,,,
MDG_0000000014,Children aged <5 years with fever who received treatment with any antimalarial (%),http://apps.who.int/gho/indicatorregistry/App_Main/view_indicator.aspx?iid=14,PUBLISHED,Published,,2007-2013,2007-2013,,WPR,Western Pacific,,VUT,Vanuatu,,5,5,,,
MDG_0000000013,Children aged <5 years sleeping under insecticide-treated nets (%),http://apps.who.int/gho/indicatorregistry/App_Main/view_indicator.aspx?iid=13,PUBLISHED,Published,,2007-2013,2007-2013,,AFR,Africa,,COM,Comoros,,41,41,,,
MDG_0000000014,Children aged <5 years with fever who received treatment with any antimalarial (%),http://apps.who.int/gho/indicatorregistry/App_Main/view_indicator.aspx?iid=14,PUBLISHED,Published,,2007-2013,2007-2013,,AFR,Africa,,MLI,Mali,,32,32,,,
MDG_0000000013,Children aged <5 years sleeping under insecticide-treated nets (%),http://apps.who.int/gho/indicatorregistry/App_Main/view_indicator.aspx?iid=13,PUBLISHED,Published,,2012,2012,,AFR,Africa,,MWI,Malawi,,55.9 [51.2-60.6],55.93968,51.24038,60.63898,
MDG_0000000014,Children aged <5 years with fever who received treatment with any antimalarial (%),http://apps.who.int/gho/indicatorregistry/App_Main/view_indicator.aspx?iid=14,PUBLISHED,Published,,2007-2013,2007-2013,,AMR,Americas,,HTI,Haiti,,3,3,,,
MDG_0000000014,Children aged <5 years with fever who received treatment with any antimalarial (%),http://apps.who.int/gho/indicatorregistry/App_Main/view_indicator.aspx?iid=14,PUBLISHED,Published,,2007-2013,2007-2013,,AFR,Africa,,COD,Democratic Republic of the Congo,,39,39,,,
MDG_0000000013,Children aged <5 years sleeping under insecticide-treated nets (%),http://apps.who.int/gho/indicatorregistry/App_Main/view_indicator.aspx?iid=13,PUBLISHED,Published,,2010,2010,,AFR,Africa,,TZA,United Republic of Tanzania,,63.6 [60.5-66.7],63.59064,60.51925,66.66203,
MDG_0000000013,Children aged <5 years sleeping under insecticide-treated nets (%),http://apps.who.int/gho/indicatorregistry/App_Main/view_indicator.aspx?iid=13,PUBLISHED,Published,,2012,2012,,AMR,Americas,,HTI,Haiti,,12.0 [10.6-13.4],11.98081,10.56223,13.39939,
MDG_0000000013,Children aged <5 years sleeping under insecticide-treated nets (%),http://apps.who.int/gho/indicatorregistry/App_Main/view_indicator.aspx?iid=13,PUBLISHED,Published,,2012-2013,2012-2013,,AFR,Africa,,SEN,Senegal,,45.8 [41.4-50.2],45.78928,41.38594,50.19262,
MDG_0000000014,Children aged <5 years with fever who received treatment with any antimalarial (%),http://apps.who.int/gho/indicatorregistry/App_Main/view_indicator.aspx?iid=14,PUBLISHED,Published,,2007-2013,2007-2013,,AFR,Africa,,ERI,Eritrea,,2,2,,,
MDG_0000000013,Children aged <5 years sleeping under insecticide-treated nets (%),http://apps.who.int/gho/indicatorregistry/App_Main/view_indicator.aspx?iid=13,PUBLISHED,Published,,2000,2000,,AFR,Africa,,GNB,Guinea-Bissau,,7,7,,,
MDG_0000000014,Children aged <5 years with fever who received treatment with any antimalarial (%),http://apps.who.int/gho/indicatorregistry/App_Main/view_indicator.aspx?iid=14,PUBLISHED,Published,,2007-2013,2007-2013,,AFR,Africa,,CAF,Central African Republic,,34,34,,,
MDG_0000000013,Children aged <5 years sleeping under insecticide-treated nets (%),http://apps.who.int/gho/indicatorregistry/App_Main/view_indicator.aspx?iid=13,PUBLISHED,Published,,2014,2014,,AFR,Africa,,CMR,Cameroon,,54.8,54.8,,,
MDG_0000000013,Children aged <5 years sleeping under insecticide-treated nets (%),http://apps.who.int/gho/indicatorregistry/App_Main/view_indicator.aspx?iid=13,PUBLISHED,Published,,2008,2008,,AFR,Africa,,MOZ,Mozambique,,22.8,22.8,,,
MDG_0000000013,Children aged <5 years sleeping under insecticide-treated nets (%),http://apps.who.int/gho/indicatorregistry/App_Main/view_indicator.aspx?iid=13,PUBLISHED,Published,,2005,2005,,AFR,Africa,,SLE,Sierra Leone,,5,5,,,
MDG_0000000013,Children aged <5 years sleeping under insecticide-treated nets (%),http://apps.who.int/gho/indicatorregistry/App_Main/view_indicator.aspx?iid=13,PUBLISHED,Published,,2007-2013,2007-2013,,AFR,Africa,,MOZ,Mozambique,,36,36,,,
MDG_0000000013,Children aged <5 years sleeping under insecticide-treated nets (%),http://apps.who.int/gho/indicatorregistry/App_Main/view_indicator.aspx?iid=13,PUBLISHED,Published,,2010,2010,,AFR,Africa,,GNB,Guinea-Bissau,,35.5,35.5,,,
MDG_0000000013,Children aged <5 years sleeping under insecticide-treated nets (%),http://apps.who.int/gho/indicatorregistry/App_Main/view_indicator.aspx?iid=13,PUBLISHED,Published,,2014-2015,2014-2015,,AFR,Africa,,COG,Congo,,60.5,60.5,,,
MDG_0000000014,Children aged <5 years with fever who received treatment with any antimalarial (%),http://apps.who.int/gho/indicatorregistry/App_Main/view_indicator.aspx?iid=14,PUBLISHED,Published,,2007-2013,2007-2013,,AFR,Africa,,SEN,Senegal,,6,6,,,
MDG_0000000013,Children aged <5 years sleeping under insecticide-treated nets (%),http://apps.who.int/gho/indicatorregistry/App_Main/view_indicator.aspx?iid=13,PUBLISHED,Published,,2015-2016,2015-2016,,AFR,Africa,,TZA,United Republic of Tanzania,,54.4 [51.6-57.3],54.4379,51.6069,57.2689,
MDG_0000000013,Children aged <5 years sleeping under insecticide-treated nets (%),http://apps.who.int/gho/indicatorregistry/App_Main/view_indicator.aspx?iid=13,PUBLISHED,Published,,2007-2013,2007-2013,,WPR,Western Pacific,,LAO,Lao People's Democratic Republic,,43,43,,,
MDG_0000000014,Children aged <5 years with fever who received treatment with any antimalarial (%),http://apps.who.int/gho/indicatorregistry/App_Main/view_indicator.aspx?iid=14,PUBLISHED,Published,,2007-2013,2007-2013,,AFR,Africa,,MWI,Malawi,,33,33,,,
MDG_0000000013,Children aged <5 years sleeping under insecticide-treated nets (%),http://apps.who.int/gho/indicatorregistry/App_Main/view_indicator.aspx?iid=13,PUBLISHED,Published,,2006,2006,,AFR,Africa,,MWI,Malawi,,25,25,,,
MDG_0000000013,Children aged <5 years sleeping under insecticide-treated nets (%),http://apps.who.int/gho/indicatorregistry/App_Main/view_indicator.aspx?iid=13,PUBLISHED,Published,,2003-2004,2003-2004,,AFR,Africa,,CIV,Côte d'Ivoire,,4,4,,,
MDG_0000000013,Children aged <5 years sleeping under insecticide-treated nets (%),http://apps.who.int/gho/indicatorregistry/App_Main/view_indicator.aspx?iid=13,PUBLISHED,Published,,2000,2000,,SEAR,South-East Asia,,IDN,Indonesia,,0,0,,,
MDG_0000000013,Children aged <5 years sleeping under insecticide-treated nets (%),http://apps.who.int/gho/indicatorregistry/App_Main/view_indicator.aspx?iid=13,PUBLISHED,Published,,2010-2011,2010-2011,,WPR,Western Pacific,,VNM,Viet Nam,,9.4,9.4,,,
MDG_0000000014,Children aged <5 years with fever who received treatment with any antimalarial (%),http://apps.who.int/gho/indicatorregistry/App_Main/view_indicator.aspx?iid=14,PUBLISHED,Published,,2007-2013,2007-2013,,SEAR,South-East Asia,,NPL,Nepal,,1,1,,,
MDG_0000000013,Children aged <5 years sleeping under insecticide-treated nets (%),http://apps.who.int/gho/indicatorregistry/App_Main/view_indicator.aspx?iid=13,PUBLISHED,Published,,2015,2015,,AFR,Africa,,SEN,Senegal,,55.4 [51.0-59.8],55.42755,51.01132,59.84377,
MDG_0000000014,Children aged <5 years with fever who received treatment with any antimalarial (%),http://apps.who.int/gho/indicatorregistry/App_Main/view_indicator.aspx?iid=14,PUBLISHED,Published,,2007-2013,2007-2013,,AFR,Africa,,SLE,Sierra Leone,,48,48,,,
MDG_0000000014,Children aged <5 years with fever who received treatment with any antimalarial (%),http://apps.who.int/gho/indicatorregistry/App_Main/view_indicator.aspx?iid=14,PUBLISHED,Published,,2007-2013,2007-2013,,AFR,Africa,,MDG,Madagascar,,20,20,,,
MDG_0000000013,Children aged <5 years sleeping under insecticide-treated nets (%),http://apps.who.int/gho/indicatorregistry/App_Main/view_indicator.aspx?iid=13,PUBLISHED,Published,,2000,2000,,AFR,Africa,,STP,Sao Tome and Principe,,23,23,,,
MDG_0000000013,Children aged <5 years sleeping under insecticide-treated nets (%),http://apps.who.int/gho/indicatorregistry/App_Main/view_indicator.aspx?iid=13,PUBLISHED,Published,,2001-2002,2001-2002,,AFR,Africa,,ZMB,Zambia,,7.3 [6.1-8.5],7.33827,6.12924,8.54729,
MDG_0000000013,Children aged <5 years sleeping under insecticide-treated nets (%),http://apps.who.int/gho/indicatorregistry/App_Main/view_indicator.aspx?iid=13,PUBLISHED,Published,,2000,2000,,AFR,Africa,,NER,Niger,,1,1,,,
MDG_0000000013,Children aged <5 years sleeping under insecticide-treated nets (%),http://apps.who.int/gho/indicatorregistry/App_Main/view_indicator.aspx?iid=13,PUBLISHED,Published,,2000,2000,,AFR,Africa,,BDI,Burundi,,1,1,,,
MDG_0000000013,Children aged <5 years sleeping under insecticide-treated nets (%),http://apps.who.int/gho/indicatorregistry/App_Main/view_indicator.aspx?iid=13,PUBLISHED,Published,,2007-2013,2007-2013,,AFR,Africa,,MRT,Mauritania,,19,19,,,
MDG_0000000013,Children aged <5 years sleeping under insecticide-treated nets (%),http://apps.who.int/gho/indicatorregistry/App_Main/view_indicator.aspx?iid=13,PUBLISHED,Published,,2000,2000,,WPR,Western Pacific,,LAO,Lao People's Democratic Republic,,18,18,,,
MDG_0000000013,Children aged <5 years sleeping under insecticide-treated nets (%),http://apps.who.int/gho/indicatorregistry/App_Main/view_indicator.aspx?iid=13,PUBLISHED,Published,,2010,2010,,AFR,Africa,,BDI,Burundi,,45.0 [41.8-48.1],44.97755,41.82192,48.13319,
MDG_0000000013,Children aged <5 years sleeping under insecticide-treated nets (%),http://apps.who.int/gho/indicatorregistry/App_Main/view_indicator.aspx?iid=13,PUBLISHED,Published,,2009,2009,,AFR,Africa,,NER,Niger,,43,43,,,
MDG_0000000013,Children aged <5 years sleeping under insecticide-treated nets (%),http://apps.who.int/gho/indicatorregistry/App_Main/view_indicator.aspx?iid=13,PUBLISHED,Published,,2015,2015,,AFR,Africa,,MLI,Mali,,71.2 [68.9-73.4],71.1944,68.94171,73.44708,
MDG_0000000013,Children aged <5 years sleeping under insecticide-treated nets (%),http://apps.who.int/gho/indicatorregistry/App_Main/view_indicator.aspx?iid=13,PUBLISHED,Published,,2007,2007,,AFR,Africa,,ETH,Ethiopia,,33,33,,,
MDG_0000000013,Children aged <5 years sleeping under insecticide-treated nets (%),http://apps.who.int/gho/indicatorregistry/App_Main/view_indicator.aspx?iid=13,PUBLISHED,Published,,2011-2012,2011-2012,,WPR,Western Pacific,,LAO,Lao People's Democratic Republic,,43.2,43.2,,,
MDG_0000000013,Children aged <5 years sleeping under insecticide-treated nets (%),http://apps.who.int/gho/indicatorregistry/App_Main/view_indicator.aspx?iid=13,PUBLISHED,Published,,2007-2013,2007-2013,,AMR,Americas,,HTI,Haiti,,12,12,,,
MDG_0000000013,Children aged <5 years sleeping under insecticide-treated nets (%),http://apps.who.int/gho/indicatorregistry/App_Main/view_indicator.aspx?iid=13,PUBLISHED,Published,,2007,2007,,AFR,Africa,,GIN,Guinea,,5,5,,,
MDG_0000000013,Children aged <5 years sleeping under insecticide-treated nets (%),http://apps.who.int/gho/indicatorregistry/App_Main/view_indicator.aspx?iid=13,PUBLISHED,Published,,2014-2015,2014-2015,,AFR,Africa,,RWA,Rwanda,,67.7 [65.7-69.7],67.73556,65.72309,69.74803,
MDG_0000000013,Children aged <5 years sleeping under insecticide-treated nets (%),http://apps.who.int/gho/indicatorregistry/App_Main/view_indicator.aspx?iid=13,PUBLISHED,Published,,2008-2009,2008-2009,,AFR,Africa,,STP,Sao Tome and Principe,,56.0 [51.2-60.7],55.98561,51.23485,60.73637,
MDG_0000000013,Children aged <5 years sleeping under insecticide-treated nets (%),http://apps.who.int/gho/indicatorregistry/App_Main/view_indicator.aspx?iid=13,PUBLISHED,Published,,2007-2013,2007-2013,,AFR,Africa,,RWA,Rwanda,,74,74,,,
MDG_0000000013,Children aged <5 years sleeping under insecticide-treated nets (%),http://apps.who.int/gho/indicatorregistry/App_Main/view_indicator.aspx?iid=13,PUBLISHED,Published,,2013-2014,2013-2014,,AFR,Africa,,TGO,Togo,,42.8 [40.7-44.9],42.83593,40.73654,44.93532,
MDG_0000000013,Children aged <5 years sleeping under insecticide-treated nets (%),http://apps.who.int/gho/indicatorregistry/App_Main/view_indicator.aspx?iid=13,PUBLISHED,Published,,2007,2007,,AFR,Africa,,ZMB,Zambia,,28.5 [26.1-31.0],28.53598,26.05332,31.01864,
MDG_0000000014,Children aged <5 years with fever who received treatment with any antimalarial (%),http://apps.who.int/gho/indicatorregistry/App_Main/view_indicator.aspx?iid=14,PUBLISHED,Published,,2007-2013,2007-2013,,AFR,Africa,,UGA,Uganda,,65,65,,,
MDG_0000000013,Children aged <5 years sleeping under insecticide-treated nets (%),http://apps.who.int/gho/indicatorregistry/App_Main/view_indicator.aspx?iid=13,PUBLISHED,Published,,2007-2013,2007-2013,,AFR,Africa,,SLE,Sierra Leone,,49,49,,,
MDG_0000000014,Children aged <5 years with fever who received treatment with any antimalarial (%),http://apps.who.int/gho/indicatorregistry/App_Main/view_indicator.aspx?iid=14,PUBLISHED,Published,,2007-2013,2007-2013,,AFR,Africa,,COM,Comoros,,27,27,,,
MDG_0000000014,Children aged <5 years with fever who received treatment with any antimalarial (%),http://apps.who.int/gho/indicatorregistry/App_Main/view_indicator.aspx?iid=14,PUBLISHED,Published,,2007-2013,2007-2013,,AFR,Africa,,ETH,Ethiopia,,26,26,,,
MDG_0000000013,Children aged <5 years sleeping under insecticide-treated nets (%),http://apps.who.int/gho/indicatorregistry/App_Main/view_indicator.aspx?iid=13,PUBLISHED,Published,,2010,2010,,AFR,Africa,,TCD,Chad,,9.8,9.8,,,
MDG_0000000013,Children aged <5 years sleeping under insecticide-treated nets (%),http://apps.who.int/gho/indicatorregistry/App_Main/view_indicator.aspx?iid=13,PUBLISHED,Published,,2007-2013,2007-2013,,AFR,Africa,,BFA,Burkina Faso,,47,47,,,
MDG_0000000013,Children aged <5 years sleeping under insecticide-treated nets (%),http://apps.who.int/gho/indicatorregistry/App_Main/view_indicator.aspx?iid=13,PUBLISHED,Published,,2007-2013,2007-2013,,AFR,Africa,,SSD,South Sudan,,25,25,,,
MDG_0000000013,Children aged <5 years sleeping under insecticide-treated nets (%),http://apps.who.int/gho/indicatorregistry/App_Main/view_indicator.aspx?iid=13,PUBLISHED,Published,,2006-2007,2006-2007,,AFR,Africa,,AGO,Angola,,17.7 [13.7-21.7],17.68817,13.6903,21.68604,
MDG_0000000013,Children aged <5 years sleeping under insecticide-treated nets (%),http://apps.who.int/gho/indicatorregistry/App_Main/view_indicator.aspx?iid=13,PUBLISHED,Published,,2008-2009,2008-2009,,AFR,Africa,,MDG,Madagascar,,45.8 [42.8-48.7],45.77964,42.8143,48.74497,
MDG_0000000014,Children aged <5 years with fever who received treatment with any antimalarial (%),http://apps.who.int/gho/indicatorregistry/App_Main/view_indicator.aspx?iid=14,PUBLISHED,Published,,2007-2013,2007-2013,,AFR,Africa,,NER,Niger,,19,19,,,
MDG_0000000013,Children aged <5 years sleeping under insecticide-treated nets (%),http://apps.who.int/gho/indicatorregistry/App_Main/view_indicator.aspx?iid=13,PUBLISHED,Published,,2006,2006,,EMR,Eastern Mediterranean,,DJI,Djibouti,,1,1,,,
MDG_0000000013,Children aged <5 years sleeping under insecticide-treated nets (%),http://apps.who.int/gho/indicatorregistry/App_Main/view_indicator.aspx?iid=13,PUBLISHED,Published,,2003,2003,,AFR,Africa,,BFA,Burkina Faso,,1.9 [1.5-2.4],1.93658,1.47052,2.40263,
MDG_0000000013,Children aged <5 years sleeping under insecticide-treated nets (%),http://apps.who.int/gho/indicatorregistry/App_Main/view_indicator.aspx?iid=13,PUBLISHED,Published,,2003,2003,,AFR,Africa,,GHA,Ghana,,3.9 [2.9-5.0],3.91318,2.85675,4.9696,
MDG_0000000013,Children aged <5 years sleeping under insecticide-treated nets (%),http://apps.who.int/gho/indicatorregistry/App_Main/view_indicator.aspx?iid=13,PUBLISHED,Published,,2007-2013,2007-2013,,AFR,Africa,,GNQ,Equatorial Guinea,,23,23,,,
MDG_0000000013,Children aged <5 years sleeping under insecticide-treated nets (%),http://apps.who.int/gho/indicatorregistry/App_Main/view_indicator.aspx?iid=13,PUBLISHED,Published,,2008,2008,,AFR,Africa,,NGA,Nigeria,,5.4 [4.9-6.0],5.44561,4.85071,6.04051,
MDG_0000000013,Children aged <5 years sleeping under insecticide-treated nets (%),http://apps.who.int/gho/indicatorregistry/App_Main/view_indicator.aspx?iid=13,PUBLISHED,Published,,2007-2013,2007-2013,,AFR,Africa,,BEN,Benin,,70,70,,,
MDG_0000000013,Children aged <5 years sleeping under insecticide-treated nets (%),http://apps.who.int/gho/indicatorregistry/App_Main/view_indicator.aspx?iid=13,PUBLISHED,Published,,2010,2010,,AFR,Africa,,BFA,Burkina Faso,,47.4 [45.3-49.4],47.35214,45.25941,49.44488,
MDG_0000000013,Children aged <5 years sleeping under insecticide-treated nets (%),http://apps.who.int/gho/indicatorregistry/App_Main/view_indicator.aspx?iid=13,PUBLISHED,Published,,2007,2007,,AFR,Africa,,MOZ,Mozambique,,7,7,,,
MDG_0000000013,Children aged <5 years sleeping under insecticide-treated nets (%),http://apps.who.int/gho/indicatorregistry/App_Main/view_indicator.aspx?iid=13,PUBLISHED,Published,,2007-2013,2007-2013,,AFR,Africa,,CIV,Côte d'Ivoire,,37,37,,,
MDG_0000000013,Children aged <5 years sleeping under insecticide-treated nets (%),http://apps.who.int/gho/indicatorregistry/App_Main/view_indicator.aspx?iid=13,PUBLISHED,Published,,2012,2012,,AFR,Africa,,GIN,Guinea,,26.0 [23.7-28.4],26.02417,23.68364,28.36469,
MDG_0000000014,Children aged <5 years with fever who received treatment with any antimalarial (%),http://apps.who.int/gho/indicatorregistry/App_Main/view_indicator.aspx?iid=14,PUBLISHED,Published,,2007-2013,2007-2013,,AFR,Africa,,GAB,Gabon,,26,26,,,
MDG_0000000013,Children aged <5 years sleeping under insecticide-treated nets (%),http://apps.who.int/gho/indicatorregistry/App_Main/view_indicator.aspx?iid=13,PUBLISHED,Published,,2012,2012,,AFR,Africa,,BDI,Burundi,,53.8 [49.8-57.7],53.77521,49.84048,57.70994,
MDG_0000000013,Children aged <5 years sleeping under insecticide-treated nets (%),http://apps.who.int/gho/indicatorregistry/App_Main/view_indicator.aspx?iid=13,PUBLISHED,Published,,2011,2011,,AFR,Africa,,MDG,Madagascar,,76.6 [72.1-81.0],76.59437,72.14031,81.04843,
MDG_0000000013,Children aged <5 years sleeping under insecticide-treated nets (%),http://apps.who.int/gho/indicatorregistry/App_Main/view_indicator.aspx?iid=13,PUBLISHED,Published,,2014,2014,,AFR,Africa,,SEN,Senegal,,43.2 [38.7-47.8],43.22326,38.66265,47.78388,
MDG_0000000013,Children aged <5 years sleeping under insecticide-treated nets (%),http://apps.who.int/gho/indicatorregistry/App_Main/view_indicator.aspx?iid=13,PUBLISHED,Published,,2007-2013,2007-2013,,AMR,Americas,,GUY,Guyana,,24,24,,,
MDG_0000000013,Children aged <5 years sleeping under insecticide-treated nets (%),http://apps.who.int/gho/indicatorregistry/App_Main/view_indicator.aspx?iid=13,PUBLISHED,Published,,2005,2005,,WPR,Western Pacific,,VNM,Viet Nam,,13,13,,,
MDG_0000000013,Children aged <5 years sleeping under insecticide-treated nets (%),http://apps.who.int/gho/indicatorregistry/App_Main/view_indicator.aspx?iid=13,PUBLISHED,Published,,2002,2002,,SEAR,South-East Asia,,TLS,Timor-Leste,,8,8,,,
MDG_0000000014,Children aged <5 years with fever who received treatment with any antimalarial (%),http://apps.who.int/gho/indicatorregistry/App_Main/view_indicator.aspx?iid=14,PUBLISHED,Published,,2007-2013,2007-2013,,AFR,Africa,,GNQ,Equatorial Guinea,,33,33,,,
MDG_0000000014,Children aged <5 years with fever who received treatment with any antimalarial (%),http://apps.who.int/gho/indicatorregistry/App_Main/view_indicator.aspx?iid=14,PUBLISHED,Published,,2007-2013,2007-2013,,WPR,Western Pacific,,VNM,Viet Nam,,1,1,,,
MDG_0000000013,Children aged <5 years sleeping under insecticide-treated nets (%),http://apps.who.int/gho/indicatorregistry/App_Main/view_indicator.aspx?iid=13,PUBLISHED,Published,,2000,2000,,AFR,Africa,,CIV,Côte d'Ivoire,,1,1,,,
MDG_0000000013,Children aged <5 years sleeping under insecticide-treated nets (%),http://apps.who.int/gho/indicatorregistry/App_Main/view_indicator.aspx?iid=13,PUBLISHED,Published,,2015,2015,,AFR,Africa,,KEN,Kenya,,56.1 [51.4-60.7],56.08865,51.44216,60.73514,
MDG_0000000014,Children aged <5 years with fever who received treatment with any antimalarial (%),http://apps.who.int/gho/indicatorregistry/App_Main/view_indicator.aspx?iid=14,PUBLISHED,Published,,2007-2013,2007-2013,,AFR,Africa,,GNB,Guinea-Bissau,,51,51,,,
MDG_0000000013,Children aged <5 years sleeping under insecticide-treated nets (%),http://apps.who.int/gho/indicatorregistry/App_Main/view_indicator.aspx?iid=13,PUBLISHED,Published,,2007-2013,2007-2013,,SEAR,South-East Asia,,IDN,Indonesia,,3,3,,,
MDG_0000000013,Children aged <5 years sleeping under insecticide-treated nets (%),http://apps.who.int/gho/indicatorregistry/App_Main/view_indicator.aspx?iid=13,PUBLISHED,Published,,2014,2014,,AFR,Africa,,GNB,Guinea-Bissau,,80.6,80.6,,,
MDG_0000000013,Children aged <5 years sleeping under insecticide-treated nets (%),http://apps.who.int/gho/indicatorregistry/App_Main/view_indicator.aspx?iid=13,PUBLISHED,Published,,2005,2005,,AFR,Africa,,ETH,Ethiopia,,1.5 [0.9-2.0],1.48133,0.91987,2.04278,
MDG_0000000013,Children aged <5 years sleeping under insecticide-treated nets (%),http://apps.who.int/gho/indicatorregistry/App_Main/view_indicator.aspx?iid=13,PUBLISHED,Published,,2006,2006,,AFR,Africa,,ZMB,Zambia,,23,23,,,
MDG_0000000013,Children aged <5 years sleeping under insecticide-treated nets (%),http://apps.who.int/gho/indicatorregistry/App_Main/view_indicator.aspx?iid=13,PUBLISHED,Published,,2013,2013,,AFR,Africa,,SLE,Sierra Leone,,49.0 [46.5-51.5],49.03404,46.53677,51.5313,
MDG_0000000014,Children aged <5 years with fever who received treatment with any antimalarial (%),http://apps.who.int/gho/indicatorregistry/App_Main/view_indicator.aspx?iid=14,PUBLISHED,Published,,2007-2013,2007-2013,,EMR,Eastern Mediterranean,,PAK,Pakistan,,3,3,,,
MDG_0000000014,Children aged <5 years with fever who received treatment with any antimalarial (%),http://apps.who.int/gho/indicatorregistry/App_Main/view_indicator.aspx?iid=14,PUBLISHED,Published,,2007-2013,2007-2013,,AFR,Africa,,MRT,Mauritania,,20,20,,,
MDG_0000000013,Children aged <5 years sleeping under insecticide-treated nets (%),http://apps.who.int/gho/indicatorregistry/App_Main/view_indicator.aspx?iid=13,PUBLISHED,Published,,2007-2013,2007-2013,,SEAR,South-East Asia,,TLS,Timor-Leste,,41,41,,,
MDG_0000000013,Children aged <5 years sleeping under insecticide-treated nets (%),http://apps.who.int/gho/indicatorregistry/App_Main/view_indicator.aspx?iid=13,PUBLISHED,Published,,2010,2010,,AFR,Africa,,MWI,Malawi,,39.4 [37.9-40.9],39.40398,37.94872,40.85925,
MDG_0000000013,Children aged <5 years sleeping under insecticide-treated nets (%),http://apps.who.int/gho/indicatorregistry/App_Main/view_indicator.aspx?iid=13,PUBLISHED,Published,,2010,2010,,AMR,Americas,,SUR,Suriname,,43.4,43.4,,,
MDG_0000000013,Children aged <5 years sleeping under insecticide-treated nets (%),http://apps.who.int/gho/indicatorregistry/App_Main/view_indicator.aspx?iid=13,PUBLISHED,Published,,2000,2000,,AFR,Africa,,TCD,Chad,,1,1,,,
MDG_0000000013,Children aged <5 years sleeping under insecticide-treated nets (%),http://apps.who.int/gho/indicatorregistry/App_Main/view_indicator.aspx?iid=13,PUBLISHED,Published,,2010,2010,,AFR,Africa,,COD,Democratic Republic of the Congo,,38.1,38.1,,,
MDG_0000000013,Children aged <5 years sleeping under insecticide-treated nets (%),http://apps.who.int/gho/indicatorregistry/App_Main/view_indicator.aspx?iid=13,PUBLISHED,Published,,2013,2013,,AFR,Africa,,RWA,Rwanda,,74.1 [70.7-77.5],74.06039,70.65662,77.46415,
MDG_0000000013,Children aged <5 years sleeping under insecticide-treated nets (%),http://apps.who.int/gho/indicatorregistry/App_Main/view_indicator.aspx?iid=13,PUBLISHED,Published,,2007-2013,2007-2013,,AFR,Africa,,MDG,Madagascar,,77,77,,,
MDG_0000000013,Children aged <5 years sleeping under insecticide-treated nets (%),http://apps.who.int/gho/indicatorregistry/App_Main/view_indicator.aspx?iid=13,PUBLISHED,Published,,2006,2006,,WPR,Western Pacific,,LAO,Lao People's Democratic Republic,,41,41,,,
MDG_0000000013,Children aged <5 years sleeping under insecticide-treated nets (%),http://apps.who.int/gho/indicatorregistry/App_Main/view_indicator.aspx?iid=13,PUBLISHED,Published,,2007-2013,2007-2013,,AFR,Africa,,NGA,Nigeria,,17,17,,,
MDG_0000000013,Children aged <5 years sleeping under insecticide-treated nets (%),http://apps.who.int/gho/indicatorregistry/App_Main/view_indicator.aspx?iid=13,PUBLISHED,Published,,2010,2010,,AFR,Africa,,CAF,Central African Republic,,36.4,36.4,,,
MDG_0000000013,Children aged <5 years sleeping under insecticide-treated nets (%),http://apps.who.int/gho/indicatorregistry/App_Main/view_indicator.aspx?iid=13,PUBLISHED,Published,,2007-2013,2007-2013,,AFR,Africa,,KEN,Kenya,,47,47,,,
MDG_0000000013,Children aged <5 years sleeping under insecticide-treated nets (%),http://apps.who.int/gho/indicatorregistry/App_Main/view_indicator.aspx?iid=13,PUBLISHED,Published,,2010,2010,,AFR,Africa,,NER,Niger,,63.7,63.7,,,
MDG_0000000013,Children aged <5 years sleeping under insecticide-treated nets (%),http://apps.who.int/gho/indicatorregistry/App_Main/view_indicator.aspx?iid=13,PUBLISHED,Published,,2006,2006,,AFR,Africa,,BFA,Burkina Faso,,10,10,,,
MDG_0000000014,Children aged <5 years with fever who received treatment with any antimalarial (%),http://apps.who.int/gho/indicatorregistry/App_Main/view_indicator.aspx?iid=14,PUBLISHED,Published,,2007-2013,2007-2013,,EMR,Eastern Mediterranean,,SDN,Sudan,,65,65,,,
MDG_0000000013,Children aged <5 years sleeping under insecticide-treated nets (%),http://apps.who.int/gho/indicatorregistry/App_Main/view_indicator.aspx?iid=13,PUBLISHED,Published,,2005,2005,,WPR,Western Pacific,,KHM,Cambodia,,4.0 [2.8-5.1],3.98946,2.83965,5.13927,
MDG_0000000013,Children aged <5 years sleeping under insecticide-treated nets (%),http://apps.who.int/gho/indicatorregistry/App_Main/view_indicator.aspx?iid=13,PUBLISHED,Published,,2006,2006,,AFR,Africa,,GNB,Guinea-Bissau,,39,39,,,
MDG_0000000013,Children aged <5 years sleeping under insecticide-treated nets (%),http://apps.who.int/gho/indicatorregistry/App_Main/view_indicator.aspx?iid=13,PUBLISHED,Published,,2004,2004,,AFR,Africa,,MWI,Malawi,,14.8 [13.3-16.3],14.77933,13.28676,16.27189,
MDG_0000000013,Children aged <5 years sleeping under insecticide-treated nets (%),http://apps.who.int/gho/indicatorregistry/App_Main/view_indicator.aspx?iid=13,PUBLISHED,Published,,2003,2003,,AFR,Africa,,NGA,Nigeria,,1.2 [0.5-1.9],1.21391,0.5005,1.92731,
MDG_0000000013,Children aged <5 years sleeping under insecticide-treated nets (%),http://apps.who.int/gho/indicatorregistry/App_Main/view_indicator.aspx?iid=13,PUBLISHED,Published,,2007-2013,2007-2013,,SEAR,South-East Asia,,MMR,Myanmar,,11,11,,,
MDG_0000000013,Children aged <5 years sleeping under insecticide-treated nets (%),http://apps.who.int/gho/indicatorregistry/App_Main/view_indicator.aspx?iid=13,PUBLISHED,Published,,2007-2013,2007-2013,,AFR,Africa,,TZA,United Republic of Tanzania,,72,72,,,
MDG_0000000013,Children aged <5 years sleeping under insecticide-treated nets (%),http://apps.who.int/gho/indicatorregistry/App_Main/view_indicator.aspx?iid=13,PUBLISHED,Published,,2011-2012,2011-2012,,AFR,Africa,,TZA,United Republic of Tanzania,,72.0 [70.3-73.8],72.03152,70.25993,73.80311,
MDG_0000000014,Children aged <5 years with fever who received treatment with any antimalarial (%),http://apps.who.int/gho/indicatorregistry/App_Main/view_indicator.aspx?iid=14,PUBLISHED,Published,,2007-2013,2007-2013,,AFR,Africa,,NGA,Nigeria,,33,33,,,
MDG_0000000013,Children aged <5 years sleeping under insecticide-treated nets (%),http://apps.who.int/gho/indicatorregistry/App_Main/view_indicator.aspx?iid=13,PUBLISHED,Published,,2015,2015,,AFR,Africa,,ZWE,Zimbabwe,,9.0 [7.6-10.4],8.98492,7.59858,10.37127,
MDG_0000000013,Children aged <5 years sleeping under insecticide-treated nets (%),http://apps.who.int/gho/indicatorregistry/App_Main/view_indicator.aspx?iid=13,PUBLISHED,Published,,2013,2013,,AFR,Africa,,LBR,Liberia,,38.1 [35.0-41.1],38.07391,35.04261,41.10521,
MDG_0000000013,Children aged <5 years sleeping under insecticide-treated nets (%),http://apps.who.int/gho/indicatorregistry/App_Main/view_indicator.aspx?iid=13,PUBLISHED,Published,,2008,2008,,AFR,Africa,,SLE,Sierra Leone,,25.8 [23.3-28.3],25.75911,23.26785,28.25036,
MDG_0000000014,Children aged <5 years with fever who received treatment with any antimalarial (%),http://apps.who.int/gho/indicatorregistry/App_Main/view_indicator.aspx?iid=14,PUBLISHED,Published,,2007-2013,2007-2013,,AMR,Americas,,GUY,Guyana,,6,6,,,
MDG_0000000013,Children aged <5 years sleeping under insecticide-treated nets (%),http://apps.who.int/gho/indicatorregistry/App_Main/view_indicator.aspx?iid=13,PUBLISHED,Published,,2011,2011,,AFR,Africa,,MOZ,Mozambique,,35.7 [33.6-37.8],35.66819,33.58609,37.75029,
MDG_0000000013,Children aged <5 years sleeping under insecticide-treated nets (%),http://apps.who.int/gho/indicatorregistry/App_Main/view_indicator.aspx?iid=13,PUBLISHED,Published,,2007-2013,2007-2013,,AFR,Africa,,GNB,Guinea-Bissau,,36,36,,,
MDG_0000000014,Children aged <5 years with fever who received treatment with any antimalarial (%),http://apps.who.int/gho/indicatorregistry/App_Main/view_indicator.aspx?iid=14,PUBLISHED,Published,,2007-2013,2007-2013,,AFR,Africa,,COG,Congo,,25,25,,,
MDG_0000000013,Children aged <5 years sleeping under insecticide-treated nets (%),http://apps.who.int/gho/indicatorregistry/App_Main/view_indicator.aspx?iid=13,PUBLISHED,Published,,2006,2006,,AFR,Africa,,GHA,Ghana,,22,22,,,
MDG_0000000013,Children aged <5 years sleeping under insecticide-treated nets (%),http://apps.who.int/gho/indicatorregistry/App_Main/view_indicator.aspx?iid=13,PUBLISHED,Published,,2001,2001,,AFR,Africa,,COD,Democratic Republic of the Congo,,1,1,,,
MDG_0000000014,Children aged <5 years with fever who received treatment with any antimalarial (%),http://apps.who.int/gho/indicatorregistry/App_Main/view_indicator.aspx?iid=14,PUBLISHED,Published,,2007-2013,2007-2013,,SEAR,South-East Asia,,IDN,Indonesia,,1,1,,,
MDG_0000000013,Children aged <5 years sleeping under insecticide-treated nets (%),http://apps.who.int/gho/indicatorregistry/App_Main/view_indicator.aspx?iid=13,PUBLISHED,Published,,2006,2006,,EMR,Eastern Mediterranean,,SDN,Sudan,,30,30,,,
MDG_0000000013,Children aged <5 years sleeping under insecticide-treated nets (%),http://apps.who.int/gho/indicatorregistry/App_Main/view_indicator.aspx?iid=13,PUBLISHED,Published,,2005,2005,,AFR,Africa,,CIV,Côte d'Ivoire,,1.3 [0.6-2.0],1.28875,0.58398,1.99351,
MDG_0000000013,Children aged <5 years sleeping under insecticide-treated nets (%),http://apps.who.int/gho/indicatorregistry/App_Main/view_indicator.aspx?iid=13,PUBLISHED,Published,,2007,2007,,SEAR,South-East Asia,,IDN,Indonesia,,3.7 [3.0-4.3],3.66039,3.03131,4.28948,
MDG_0000000014,Children aged <5 years with fever who received treatment with any antimalarial (%),http://apps.who.int/gho/indicatorregistry/App_Main/view_indicator.aspx?iid=14,PUBLISHED,Published,,2007-2013,2007-2013,,AFR,Africa,,TCD,Chad,,43,43,,,
MDG_0000000013,Children aged <5 years sleeping under insecticide-treated nets (%),http://apps.who.int/gho/indicatorregistry/App_Main/view_indicator.aspx?iid=13,PUBLISHED,Published,,2006,2006,,AFR,Africa,,NER,Niger,,7.4 [6.2-8.6],7.41464,6.18616,8.64312,
MDG_0000000013,Children aged <5 years sleeping under insecticide-treated nets (%),http://apps.who.int/gho/indicatorregistry/App_Main/view_indicator.aspx?iid=13,PUBLISHED,Published,,2010,2010,,AFR,Africa,,TGO,Togo,,57.1,57.1,,,
MDG_0000000013,Children aged <5 years sleeping under insecticide-treated nets (%),http://apps.who.int/gho/indicatorregistry/App_Main/view_indicator.aspx?iid=13,PUBLISHED,Published,,2007-2013,2007-2013,,WPR,Western Pacific,,VUT,Vanuatu,,51,51,,,
MDG_0000000013,Children aged <5 years sleeping under insecticide-treated nets (%),http://apps.who.int/gho/indicatorregistry/App_Main/view_indicator.aspx?iid=13,PUBLISHED,Published,,2005,2005,,AFR,Africa,,BDI,Burundi,,8,8,,,
MDG_0000000013,Children aged <5 years sleeping under insecticide-treated nets (%),http://apps.who.int/gho/indicatorregistry/App_Main/view_indicator.aspx?iid=13,PUBLISHED,Published,,2006,2006,,AFR,Africa,,UGA,Uganda,,9.7 [8.2-11.1],9.68288,8.2263,11.13946,
MDG_0000000013,Children aged <5 years sleeping under insecticide-treated nets (%),http://apps.who.int/gho/indicatorregistry/App_Main/view_indicator.aspx?iid=13,PUBLISHED,Published,,2010-2011,2010-2011,,AFR,Africa,,SEN,Senegal,,34.4 [31.5-37.4],34.44215,31.49891,37.38539,
MDG_0000000013,Children aged <5 years sleeping under insecticide-treated nets (%),http://apps.who.int/gho/indicatorregistry/App_Main/view_indicator.aspx?iid=13,PUBLISHED,Published,,2006,2006,,AFR,Africa,,STP,Sao Tome and Principe,,42,42,,,
MDG_0000000014,Children aged <5 years with fever who received treatment with any antimalarial (%),http://apps.who.int/gho/indicatorregistry/App_Main/view_indicator.aspx?iid=14,PUBLISHED,Published,,2007-2013,2007-2013,,WPR,Western Pacific,,SLB,Solomon Islands,,19,19,,,
MDG_0000000013,Children aged <5 years sleeping under insecticide-treated nets (%),http://apps.who.int/gho/indicatorregistry/App_Main/view_indicator.aspx?iid=13,PUBLISHED,Published,,2013-2014,2013-2014,,AFR,Africa,,MWI,Malawi,,65.5,65.5,,,
MDG_0000000013,Children aged <5 years sleeping under insecticide-treated nets (%),http://apps.who.int/gho/indicatorregistry/App_Main/view_indicator.aspx?iid=13,PUBLISHED,Published,,2007-2013,2007-2013,,WPR,Western Pacific,,SLB,Solomon Islands,,40,40,,,
MDG_0000000013,Children aged <5 years sleeping under insecticide-treated nets (%),http://apps.who.int/gho/indicatorregistry/App_Main/view_indicator.aspx?iid=13,PUBLISHED,Published,,2007-2013,2007-2013,,AFR,Africa,,AGO,Angola,,26,26,,,
MDG_0000000013,Children aged <5 years sleeping under insecticide-treated nets (%),http://apps.who.int/gho/indicatorregistry/App_Main/view_indicator.aspx?iid=13,PUBLISHED,Published,,2000,2000,,AFR,Africa,,MDG,Madagascar,,0,0,,,
MDG_0000000013,Children aged <5 years sleeping under insecticide-treated nets (%),http://apps.who.int/gho/indicatorregistry/App_Main/view_indicator.aspx?iid=13,PUBLISHED,Published,,2010,2010,,AFR,Africa,,ERI,Eritrea,,20.4,20.4,,,
MDG_0000000013,Children aged <5 years sleeping under insecticide-treated nets (%),http://apps.who.int/gho/indicatorregistry/App_Main/view_indicator.aspx?iid=13,PUBLISHED,Published,,2010,2010,,AFR,Africa,,RWA,Rwanda,,69.6 [68.1-71.1],69.61679,68.0993,71.13428,
MDG_0000000013,Children aged <5 years sleeping under insecticide-treated nets (%),http://apps.who.int/gho/indicatorregistry/App_Main/view_indicator.aspx?iid=13,PUBLISHED,Published,,2007-2013,2007-2013,,WPR,Western Pacific,,VNM,Viet Nam,,9,9,,,
MDG_0000000013,Children aged <5 years sleeping under insecticide-treated nets (%),http://apps.who.int/gho/indicatorregistry/App_Main/view_indicator.aspx?iid=13,PUBLISHED,Published,,2006,2006,,AFR,Africa,,CAF,Central African Republic,,15,15,,,
MDG_0000000014,Children aged <5 years with fever who received treatment with any antimalarial (%),http://apps.who.int/gho/indicatorregistry/App_Main/view_indicator.aspx?iid=14,PUBLISHED,Published,,2007-2013,2007-2013,,WPR,Western Pacific,,KHM,Cambodia,,0,0,,,
MDG_0000000014,Children aged <5 years with fever who received treatment with any antimalarial (%),http://apps.who.int/gho/indicatorregistry/App_Main/view_indicator.aspx?iid=14,PUBLISHED,Published,,2007-2013,2007-2013,,AFR,Africa,,GIN,Guinea,,28,28,,,
MDG_0000000013,Children aged <5 years sleeping under insecticide-treated nets (%),http://apps.who.int/gho/indicatorregistry/App_Main/view_indicator.aspx?iid=13,PUBLISHED,Published,,2006,2006,,AFR,Africa,,TGO,Togo,,38,38,,,
MDG_0000000013,Children aged <5 years sleeping under insecticide-treated nets (%),http://apps.who.int/gho/indicatorregistry/App_Main/view_indicator.aspx?iid=13,PUBLISHED,Published,,2011-2012,2011-2012,,AFR,Africa,,COG,Congo,,31.5 [28.9-34.1],31.50828,28.9008,34.11576,
MDG_0000000013,Children aged <5 years sleeping under insecticide-treated nets (%),http://apps.who.int/gho/indicatorregistry/App_Main/view_indicator.aspx?iid=13,PUBLISHED,Published,,2008-2009,2008-2009,,AFR,Africa,,KEN,Kenya,,46.7 [42.9-50.5],46.69144,42.88631,50.49657,
MDG_0000000013,Children aged <5 years sleeping under insecticide-treated nets (%),http://apps.who.int/gho/indicatorregistry/App_Main/view_indicator.aspx?iid=13,PUBLISHED,Published,,2007-2013,2007-2013,,AMR,Americas,,SUR,Suriname,,43,43,,,
MDG_0000000013,Children aged <5 years sleeping under insecticide-treated nets (%),http://apps.who.int/gho/indicatorregistry/App_Main/view_indicator.aspx?iid=13,PUBLISHED,Published,,2007-2013,2007-2013,,AFR,Africa,,ETH,Ethiopia,,30,30,,,
MDG_0000000013,Children aged <5 years sleeping under insecticide-treated nets (%),http://apps.who.int/gho/indicatorregistry/App_Main/view_indicator.aspx?iid=13,PUBLISHED,Published,,2000,2000,,AFR,Africa,,SLE,Sierra Leone,,2,2,,,
MDG_0000000014,Children aged <5 years with fever who received treatment with any antimalarial (%),http://apps.who.int/gho/indicatorregistry/App_Main/view_indicator.aspx?iid=14,PUBLISHED,Published,,2007-2013,2007-2013,,SEAR,South-East Asia,,TLS,Timor-Leste,,6,6,,,
MDG_0000000013,Children aged <5 years sleeping under insecticide-treated nets (%),http://apps.who.int/gho/indicatorregistry/App_Main/view_indicator.aspx?iid=13,PUBLISHED,Published,,2013,2013,,AFR,Africa,,GMB,Gambia,,46.9 [43.7-50.2],46.94678,43.68871,50.20486,
MDG_0000000013,Children aged <5 years sleeping under insecticide-treated nets (%),http://apps.who.int/gho/indicatorregistry/App_Main/view_indicator.aspx?iid=13,PUBLISHED,Published,,2007-2013,2007-2013,,AFR,Africa,,COG,Congo,,26,26,,,
MDG_0000000013,Children aged <5 years sleeping under insecticide-treated nets (%),http://apps.who.int/gho/indicatorregistry/App_Main/view_indicator.aspx?iid=13,PUBLISHED,Published,,2007-2013,2007-2013,,AFR,Africa,,NAM,Namibia,,34,34,,,
MDG_0000000013,Children aged <5 years sleeping under insecticide-treated nets (%),http://apps.who.int/gho/indicatorregistry/App_Main/view_indicator.aspx?iid=13,PUBLISHED,Published,,2015-2016,2015-2016,,SEAR,South-East Asia,,MMR,Myanmar,,18.6 [15.8-21.4],18.57473,15.78356,21.36589,
MDG_0000000014,Children aged <5 years with fever who received treatment with any antimalarial (%),http://apps.who.int/gho/indicatorregistry/App_Main/view_indicator.aspx?iid=14,PUBLISHED,Published,,2007-2013,2007-2013,,AFR,Africa,,LBR,Liberia,,57,57,,,
MDG_0000000013,Children aged <5 years sleeping under insecticide-treated nets (%),http://apps.who.int/gho/indicatorregistry/App_Main/view_indicator.aspx?iid=13,PUBLISHED,Published,,2010,2010,,AFR,Africa,,ZMB,Zambia,,50,50,,,
MDG_0000000013,Children aged <5 years sleeping under insecticide-treated nets (%),http://apps.who.int/gho/indicatorregistry/App_Main/view_indicator.aspx?iid=13,PUBLISHED,Published,,2012,2012,,AFR,Africa,,NER,Niger,,20.1,20.1,,,
MDG_0000000013,Children aged <5 years sleeping under insecticide-treated nets (%),http://apps.who.int/gho/indicatorregistry/App_Main/view_indicator.aspx?iid=13,PUBLISHED,Published,,2005,2005,,EUR,Europe,,TJK,Tajikistan,,1,1,,,
MDG_0000000013,Children aged <5 years sleeping under insecticide-treated nets (%),http://apps.who.int/gho/indicatorregistry/App_Main/view_indicator.aspx?iid=13,PUBLISHED,Published,,2000,2000,,AFR,Africa,,KEN,Kenya,,3,3,,,
MDG_0000000013,Children aged <5 years sleeping under insecticide-treated nets (%),http://apps.who.int/gho/indicatorregistry/App_Main/view_indicator.aspx?iid=13,PUBLISHED,Published,,2006-2007,2006-2007,,AFR,Africa,,NAM,Namibia,,10.5 [9.0-12.0],10.49217,8.97731,12.00702,
MDG_0000000013,Children aged <5 years sleeping under insecticide-treated nets (%),http://apps.who.int/gho/indicatorregistry/App_Main/view_indicator.aspx?iid=13,PUBLISHED,Published,,2006,2006,,AFR,Africa,,SSD,South Sudan,,21,21,,,
MDG_0000000014,Children aged <5 years with fever who received treatment with any antimalarial (%),http://apps.who.int/gho/indicatorregistry/App_Main/view_indicator.aspx?iid=14,PUBLISHED,Published,,2007-2013,2007-2013,,AFR,Africa,,RWA,Rwanda,,12,12,,,
MDG_0000000013,Children aged <5 years sleeping under insecticide-treated nets (%),http://apps.who.int/gho/indicatorregistry/App_Main/view_indicator.aspx?iid=13,PUBLISHED,Published,,2012,2012,,AFR,Africa,,COM,Comoros,,41.0 [38.2-43.9],41.04694,38.16036,43.93351,
MDG_0000000013,Children aged <5 years sleeping under insecticide-treated nets (%),http://apps.who.int/gho/indicatorregistry/App_Main/view_indicator.aspx?iid=13,PUBLISHED,Published,,2005-2006,2005-2006,,AFR,Africa,,GMB,Gambia,,49,49,,,
MDG_0000000013,Children aged <5 years sleeping under insecticide-treated nets (%),http://apps.who.int/gho/indicatorregistry/App_Main/view_indicator.aspx?iid=13,PUBLISHED,Published,,2015,2015,,EMR,Eastern Mediterranean,,AFG,Afghanistan,,4.6 [3.6-5.7],4.64173,3.59636,5.68709,
MDG_0000000013,Children aged <5 years sleeping under insecticide-treated nets (%),http://apps.who.int/gho/indicatorregistry/App_Main/view_indicator.aspx?iid=13,PUBLISHED,Published,,2005,2005,,AFR,Africa,,RWA,Rwanda,,12.6 [11.2-14.0],12.58258,11.16097,14.00418,
MDG_0000000013,Children aged <5 years sleeping under insecticide-treated nets (%),http://apps.who.int/gho/indicatorregistry/App_Main/view_indicator.aspx?iid=13,PUBLISHED,Published,,2011-2012,2011-2012,,AFR,Africa,,CIV,Côte d'Ivoire,,37.2 [34.3-40.0],37.15893,34.30821,40.00966,
MDG_0000000013,Children aged <5 years sleeping under insecticide-treated nets (%),http://apps.who.int/gho/indicatorregistry/App_Main/view_indicator.aspx?iid=13,PUBLISHED,Published,,2007-2013,2007-2013,,AFR,Africa,,ZWE,Zimbabwe,,10,10,,,
MDG_0000000014,Children aged <5 years with fever who received treatment with any antimalarial (%),http://apps.who.int/gho/indicatorregistry/App_Main/view_indicator.aspx?iid=14,PUBLISHED,Published,,2007-2013,2007-2013,,SEAR,South-East Asia,,BGD,Bangladesh,,1,1,,,
MDG_0000000013,Children aged <5 years sleeping under insecticide-treated nets (%),http://apps.who.int/gho/indicatorregistry/App_Main/view_indicator.aspx?iid=13,PUBLISHED,Published,,2010,2010,,AFR,Africa,,MLI,Mali,,71.3 [67.4-75.3],71.34355,67.43223,75.25486,
MDG_0000000014,Children aged <5 years with fever who received treatment with any antimalarial (%),http://apps.who.int/gho/indicatorregistry/App_Main/view_indicator.aspx?iid=14,PUBLISHED,Published,,2007-2013,2007-2013,,AFR,Africa,,GHA,Ghana,,53,53,,,
MDG_0000000013,Children aged <5 years sleeping under insecticide-treated nets (%),http://apps.who.int/gho/indicatorregistry/App_Main/view_indicator.aspx?iid=13,PUBLISHED,Published,,2007,2007,,WPR,Western Pacific,,VUT,Vanuatu,,55.7,55.7,,,
MDG_0000000014,Children aged <5 years with fever who received treatment with any antimalarial (%),http://apps.who.int/gho/indicatorregistry/App_Main/view_indicator.aspx?iid=14,PUBLISHED,Published,,2007-2013,2007-2013,,AFR,Africa,,MOZ,Mozambique,,30,30,,,
MDG_0000000013,Children aged <5 years sleeping under insecticide-treated nets (%),http://apps.who.int/gho/indicatorregistry/App_Main/view_indicator.aspx?iid=13,PUBLISHED,Published,,2007-2013,2007-2013,,AFR,Africa,,MLI,Mali,,46,46,,,
MDG_0000000013,Children aged <5 years sleeping under insecticide-treated nets (%),http://apps.who.int/gho/indicatorregistry/App_Main/view_indicator.aspx?iid=13,PUBLISHED,Published,,2014,2014,,AMR,Americas,,GUY,Guyana,,7.4,7.4,,,
MDG_0000000013,Children aged <5 years sleeping under insecticide-treated nets (%),http://apps.who.int/gho/indicatorregistry/App_Main/view_indicator.aspx?iid=13,PUBLISHED,Published,,2011,2011,,AFR,Africa,,CMR,Cameroon,,21.0 [19.0-23.1],21.02779,18.99964,23.05593,
MDG_0000000013,Children aged <5 years sleeping under insecticide-treated nets (%),http://apps.who.int/gho/indicatorregistry/App_Main/view_indicator.aspx?iid=13,PUBLISHED,Published,,2004-2005,2004-2005,,AFR,Africa,,TZA,United Republic of Tanzania,,15.9 [13.6-18.2],15.93584,13.64766,18.22401,
MDG_0000000014,Children aged <5 years with fever who received treatment with any antimalarial (%),http://apps.who.int/gho/indicatorregistry/App_Main/view_indicator.aspx?iid=14,PUBLISHED,Published,,2007-2013,2007-2013,,AFR,Africa,,BFA,Burkina Faso,,35,35,,,
MDG_0000000014,Children aged <5 years with fever who received treatment with any antimalarial (%),http://apps.who.int/gho/indicatorregistry/App_Main/view_indicator.aspx?iid=14,PUBLISHED,Published,,2007-2013,2007-2013,,AFR,Africa,,ZWE,Zimbabwe,,2,2,,,
MDG_0000000013,Children aged <5 years sleeping under insecticide-treated nets (%),http://apps.who.int/gho/indicatorregistry/App_Main/view_indicator.aspx?iid=13,PUBLISHED,Published,,2010,2010,,AFR,Africa,,SWZ,Swaziland,,1.5,1.5,,,
MDG_0000000013,Children aged <5 years sleeping under insecticide-treated nets (%),http://apps.who.int/gho/indicatorregistry/App_Main/view_indicator.aspx?iid=13,PUBLISHED,Published,,2011,2011,,AFR,Africa,,NGA,Nigeria,,16.4,16.4,,,
MDG_0000000013,Children aged <5 years sleeping under insecticide-treated nets (%),http://apps.who.int/gho/indicatorregistry/App_Main/view_indicator.aspx?iid=13,PUBLISHED,Published,,2007-2013,2007-2013,,AFR,Africa,,TGO,Togo,,57,57,,,
MDG_0000000013,Children aged <5 years sleeping under insecticide-treated nets (%),http://apps.who.int/gho/indicatorregistry/App_Main/view_indicator.aspx?iid=13,PUBLISHED,Published,,2000,2000,,AFR,Africa,,CMR,Cameroon,,1,1,,,
MDG_0000000013,Children aged <5 years sleeping under insecticide-treated nets (%),http://apps.who.int/gho/indicatorregistry/App_Main/view_indicator.aspx?iid=13,PUBLISHED,Published,,2006,2006,,AFR,Africa,,BEN,Benin,,20.3 [19.0-21.6],20.28798,18.97426,21.6017,
MDG_0000000013,Children aged <5 years sleeping under insecticide-treated nets (%),http://apps.who.int/gho/indicatorregistry/App_Main/view_indicator.aspx?iid=13,PUBLISHED,Published,,2013-2014,2013-2014,,AFR,Africa,,COD,Democratic Republic of the Congo,,55.8 [52.9-58.6],55.7888,52.94247,58.63513,
MDG_0000000013,Children aged <5 years sleeping under insecticide-treated nets (%),http://apps.who.int/gho/indicatorregistry/App_Main/view_indicator.aspx?iid=13,PUBLISHED,Published,,2000,2000,,AFR,Africa,,SEN,Senegal,,2,2,,,
MDG_0000000013,Children aged <5 years sleeping under insecticide-treated nets (%),http://apps.who.int/gho/indicatorregistry/App_Main/view_indicator.aspx?iid=13,PUBLISHED,Published,,2009,2009,,AFR,Africa,,ZWE,Zimbabwe,,17.3,17.3,,,
MDG_0000000013,Children aged <5 years sleeping under insecticide-treated nets (%),http://apps.who.int/gho/indicatorregistry/App_Main/view_indicator.aspx?iid=13,PUBLISHED,Published,,2007-2013,2007-2013,,AFR,Africa,,LBR,Liberia,,37,37,,,
MDG_0000000014,Children aged <5 years with fever who received treatment with any antimalarial (%),http://apps.who.int/gho/indicatorregistry/App_Main/view_indicator.aspx?iid=14,PUBLISHED,Published,,2007-2013,2007-2013,,AFR,Africa,,CMR,Cameroon,,23,23,,,
MDG_0000000013,Children aged <5 years sleeping under insecticide-treated nets (%),http://apps.who.int/gho/indicatorregistry/App_Main/view_indicator.aspx?iid=13,PUBLISHED,Published,,2015,2015,,AFR,Africa,,MRT,Mauritania,,3.4,3.4,,,
MDG_0000000013,Children aged <5 years sleeping under insecticide-treated nets (%),http://apps.who.int/gho/indicatorregistry/App_Main/view_indicator.aspx?iid=13,PUBLISHED,Published,,2014-2015,2014-2015,,AFR,Africa,,TCD,Chad,,36.4 [33.5-39.3],36.42996,33.53674,39.32318,
MDG_0000000013,Children aged <5 years sleeping under insecticide-treated nets (%),http://apps.who.int/gho/indicatorregistry/App_Main/view_indicator.aspx?iid=13,PUBLISHED,Published,,2014,2014,,AFR,Africa,,GHA,Ghana,,46.6 [43.8-49.4],46.60785,43.8459,49.36979,
MDG_0000000013,Children aged <5 years sleeping under insecticide-treated nets (%),http://apps.who.int/gho/indicatorregistry/App_Main/view_indicator.aspx?iid=13,PUBLISHED,Published,,2007-2013,2007-2013,,EMR,Eastern Mediterranean,,DJI,Djibouti,,20,20,,,
MDG_0000000013,Children aged <5 years sleeping under insecticide-treated nets (%),http://apps.who.int/gho/indicatorregistry/App_Main/view_indicator.aspx?iid=13,PUBLISHED,Published,,2009,2009,,AMR,Americas,,GUY,Guyana,,24.3 [20.1-28.6],24.34321,20.12062,28.56581,
MDG_0000000013,Children aged <5 years sleeping under insecticide-treated nets (%),http://apps.who.int/gho/indicatorregistry/App_Main/view_indicator.aspx?iid=13,PUBLISHED,Published,,2016,2016,,AFR,Africa,,MDG,Madagascar,,73.4 [70.2-76.7],73.43048,70.15834,76.70263,
MDG_0000000013,Children aged <5 years sleeping under insecticide-treated nets (%),http://apps.who.int/gho/indicatorregistry/App_Main/view_indicator.aspx?iid=13,PUBLISHED,Published,,2007-2013,2007-2013,,AFR,Africa,,CMR,Cameroon,,21,21,,,
MDG_0000000013,Children aged <5 years sleeping under insecticide-treated nets (%),http://apps.who.int/gho/indicatorregistry/App_Main/view_indicator.aspx?iid=13,PUBLISHED,Published,,2014-2015,2014-2015,,AFR,Africa,,UGA,Uganda,,74.3 [71.8-76.9],74.33729,71.77528,76.89931,
MDG_0000000014,Children aged <5 years with fever who received treatment with any antimalarial (%),http://apps.who.int/gho/indicatorregistry/App_Main/view_indicator.aspx?iid=14,PUBLISHED,Published,,2007-2013,2007-2013,,AFR,Africa,,ZMB,Zambia,,37,37,,,
MDG_0000000013,Children aged <5 years sleeping under insecticide-treated nets (%),http://apps.who.int/gho/indicatorregistry/App_Main/view_indicator.aspx?iid=13,PUBLISHED,Published,,2013,2013,,AFR,Africa,,NGA,Nigeria,,16.6 [15.2-17.9],16.57036,15.19251,17.9482,
MDG_0000000013,Children aged <5 years sleeping under insecticide-treated nets (%),http://apps.who.int/gho/indicatorregistry/App_Main/view_indicator.aspx?iid=13,PUBLISHED,Published,,2007-2013,2007-2013,,AFR,Africa,,STP,Sao Tome and Principe,,56,56,,,
MDG_0000000013,Children aged <5 years sleeping under insecticide-treated nets (%),http://apps.who.int/gho/indicatorregistry/App_Main/view_indicator.aspx?iid=13,PUBLISHED,Published,,2013,2013,,AFR,Africa,,MDG,Madagascar,,62.3 [57.1-67.6],62.34052,57.08638,67.59466,
MDG_0000000013,Children aged <5 years sleeping under insecticide-treated nets (%),http://apps.who.int/gho/indicatorregistry/App_Main/view_indicator.aspx?iid=13,PUBLISHED,Published,,2011-2012,2011-2012,,AFR,Africa,,BEN,Benin,,69.7 [68.3-71.0],69.67071,68.32686,71.01457,
MDG_0000000013,Children aged <5 years sleeping under insecticide-treated nets (%),http://apps.who.int/gho/indicatorregistry/App_Main/view_indicator.aspx?iid=13,PUBLISHED,Published,,2005-2006,2005-2006,,AFR,Africa,,ZWE,Zimbabwe,,3.1 [2.4-3.9],3.11699,2.37346,3.86052,
MDG_0000000014,Children aged <5 years with fever who received treatment with any antimalarial (%),http://apps.who.int/gho/indicatorregistry/App_Main/view_indicator.aspx?iid=14,PUBLISHED,Published,,2007-2013,2007-2013,,WPR,Western Pacific,,LAO,Lao People's Democratic Republic,,2,2,,,
MDG_0000000013,Children aged <5 years sleeping under insecticide-treated nets (%),http://apps.who.int/gho/indicatorregistry/App_Main/view_indicator.aspx?iid=13,PUBLISHED,Published,,2005,2005,,AFR,Africa,,SEN,Senegal,,7.2 [6.0-8.4],7.17417,5.9509,8.39744,
MDG_0000000013,Children aged <5 years sleeping under insecticide-treated nets (%),http://apps.who.int/gho/indicatorregistry/App_Main/view_indicator.aspx?iid=13,PUBLISHED,Published,,2007-2013,2007-2013,,AFR,Africa,,COD,Democratic Republic of the Congo,,38,38,,,
MDG_0000000013,Children aged <5 years sleeping under insecticide-treated nets (%),http://apps.who.int/gho/indicatorregistry/App_Main/view_indicator.aspx?iid=13,PUBLISHED,Published,,2012,2012,,AFR,Africa,,GAB,Gabon,,38.8 [36.0-41.7],38.83403,35.95961,41.70845,
MDG_0000000014,Children aged <5 years with fever who received treatment with any antimalarial (%),http://apps.who.int/gho/indicatorregistry/App_Main/view_indicator.aspx?iid=14,PUBLISHED,Published,,2007-2013,2007-2013,,AFR,Africa,,NAM,Namibia,,20,20,,,
MDG_0000000013,Children aged <5 years sleeping under insecticide-treated nets (%),http://apps.who.int/gho/indicatorregistry/App_Main/view_indicator.aspx?iid=13,PUBLISHED,Published,,2011,2011,,AFR,Africa,,MRT,Mauritania,,18.7,18.7,,,
MDG_0000000013,Children aged <5 years sleeping under insecticide-treated nets (%),http://apps.who.int/gho/indicatorregistry/App_Main/view_indicator.aspx?iid=13,PUBLISHED,Published,,2000,2000,,AMR,Americas,,SUR,Suriname,,3,3,,,
